Model,Accuracy
Random Forest,0.7792207792207793
XGBoost,0.7662337662337663
